Ticker,Composite_Z,Classification,Name,Company Name,Industry,SET ESG Ratings 
24CS.BK,-0.1621956158411757,Exit Point,24CS,,,
2S.BK,-0.1825969221629977,Exit Point,2S,,,
3BBIF.BK,1.773522862983183,Weight Increase,3BBIF,,,
A.BK,0.2912475954357459,Neutral,A,,,
A5.BK,-0.0579940367783018,Neutral,A5,,,
AAI.BK,-0.0520769205366288,Neutral,AAI,,,
AAV.BK,-0.748679915346951,Exit Point,AAV,,,
ABM.BK,-0.2675976592403196,Exit Point,ABM,,,
ACAP.BK,0.0226114715640208,Neutral,ACAP,,,
ACC.BK,-0.3154173477359857,Exit Point,ACC,,,
ACE.BK,0.3026511988945101,Neutral,ACE,ABSOLUTE CLEAN ENERGY PUBLIC COMPANY LIMITED,Resources,AAA
ACG.BK,-0.0767934768602422,Neutral,ACG,,,
ADB.BK,-0.1739888847600233,Exit Point,ADB,APPLIED DB PUBLIC COMPANY LIMITED,Industrials,AA
ADD.BK,-0.973205757947084,Exit Point,ADD,,,
ADVANC.BK,0.3376238577458753,Neutral,ADVANC,ADVANCED INFO SERVICE PUBLIC COMPANY LIMITED,Technology,AA
ADVICE.BK,0.0339743660932793,Neutral,ADVICE,,,
AE.BK,0.1621679160392012,Neutral,AE,,,
AEONTS.BK,-0.0699447336953387,Neutral,AEONTS,,,
AF.BK,-4.296141271473293,Neural Ejection,AF,,,
AFC.BK,-0.015001766708826,Neutral,AFC,,,
AGE.BK,-0.4824776283418132,Exit Point,AGE,,,
AH.BK,-0.071106177725324,Neutral,AH,AAPICO HITECH PUBLIC COMPANY LIMITED,Industrials,A
AHC.BK,-0.2958244127140604,Exit Point,AHC,,,
AI.BK,-0.1001725394315065,Exit Point,AI,,,
AIE.BK,0.5510038794856655,Neutral,AIE,,,
AIMCG.BK,-1.4741811419163526,Exit Point,AIMCG,,,
AIMIRT.BK,-0.2344273490413032,Exit Point,AIMIRT,,,
AIRA.BK,0.3032902966779007,Neutral,AIRA,,,
AIT.BK,0.4799278536714934,Neutral,AIT,,,
AJ.BK,0.1579711844026205,Neutral,AJ,A.J. PLAST PUBLIC COMPANY LIMITED,Industrials,AAA
AJA.BK,-1.2420821891359128,Exit Point,AJA,,,
AKP.BK,0.3707893454879954,Neutral,AKP,AKKHIE PRAKARN PUBLIC COMPANY LIMITED,Services,AA
AKR.BK,0.1093642162876807,Neutral,AKR,EKARAT ENGINEERING PUBLIC COMPANY LIMITED,Industrials,BBB
AKS.BK,0.342565147323333,Neutral,AKS,,,
ALLA.BK,-0.1030957497668414,Exit Point,ALLA,ALLA PUBLIC COMPANY LIMITED,Industrials,A
ALLY.BK,-0.2500373266828756,Exit Point,ALLY,,,
ALPHAX.BK,-0.0809245348225968,Neutral,ALPHAX,,,
ALT.BK,0.3928804306587873,Neutral,ALT,,,
ALUCON.BK,0.3008025315321685,Neutral,ALUCON,,,
AMA.BK,0.1826488258175164,Neutral,AMA,,,
AMANAH.BK,0.3611418845536434,Neutral,AMANAH,,,
AMARC.BK,1.197115929968565,Weight Increase,AMARC,,,
AMARIN.BK,-0.5903110581938676,Exit Point,AMARIN,,,
AMATA.BK,-0.2370854086681309,Exit Point,AMATA,AMATA CORPORATION PUBLIC COMPANY LIMITED,Property & Construction,AAA
AMATAR.BK,-0.1675769861158528,Exit Point,AMATAR,,,
AMATAV.BK,-2.467913657709878,Dump,AMATAV,AMATA VN PUBLIC COMPANY LIMITED,Property & Construction,AA
AMC.BK,0.5910873605665522,Neutral,AMC,,,
AMR.BK,-0.2556303873042893,Exit Point,AMR,,,
ANAN.BK,0.1169284550261955,Neutral,ANAN,,,
ANI.BK,0.4367161512977275,Neutral,ANI,,,
AOT.BK,-0.6458916174280238,Exit Point,AOT,AIRPORTS OF THAILAND PUBLIC COMPANY LIMITED,Services,A
AP.BK,-0.0497361837244328,Neutral,AP,AP (THAILAND) PUBLIC COMPANY LIMITED,Property & Construction,AA
APCO.BK,-0.296466619913955,Exit Point,APCO,,,
APCS.BK,0.1196776083332839,Neutral,APCS,,,
APO.BK,-0.7650195878876144,Exit Point,APO,,,
APP.BK,0.83873062966001,Neutral,APP,,,
APURE.BK,-0.4694552094351438,Exit Point,APURE,,,
AQUA.BK,-0.0667707769950599,Neutral,AQUA,,,
ARIN.BK,0.0867013065837866,Neutral,ARIN,,,
ARIP.BK,0.0518283693060446,Neutral,ARIP,,,
ARROW.BK,-0.2784322979533815,Exit Point,ARROW,,,
AS.BK,-0.221191343399236,Exit Point,AS,,,
ASAP.BK,-0.0323565964704041,Neutral,ASAP,,,
ASEFA.BK,0.4331705931769727,Neutral,ASEFA,,,
ASIA.BK,-0.1171062241202642,Exit Point,ASIA,,,
ASIAN.BK,0.2082374994491656,Neutral,ASIAN,,,
ASIMAR.BK,-0.1479053181832022,Exit Point,ASIMAR,,,
ASK.BK,-0.2578458819850873,Exit Point,ASK,ASIA SERMKIJ LEASING PUBLIC COMPANY LIMITED,Financials,A
ASN.BK,-0.1709972452510233,Exit Point,ASN,,,
ASP.BK,-0.7652390123216846,Exit Point,ASP,,,
ASW.BK,-0.4318369311799406,Exit Point,ASW,ASSETWISE PUBLIC COMPANY LIMITED,Property & Construction,AA
ATP30.BK,0.1389744276490413,Neutral,ATP30,,,
AU.BK,-0.2227634131145128,Exit Point,AU,,,
AUCT.BK,-0.5841148821328094,Exit Point,AUCT,,,
AURA.BK,0.4453692291370906,Neutral,AURA,,,
AWC.BK,-0.673582432434047,Exit Point,AWC,ASSET WORLD PUBLIC COMPANY LIMITED,Property & Construction,AA
AXTRART.BK,0.4536394051533295,Neutral,AXTRART,,,
AYUD.BK,0.4611481690146345,Neutral,AYUD,,,
B-WORK.BK,-0.2331917794847621,Exit Point,B-WORK,,,
B.BK,0.4745849036187937,Neutral,B,,,
B52.BK,-0.2745088737993329,Exit Point,B52,,,
BA.BK,-0.3988608774007204,Exit Point,BA,BANGKOK AIRWAYS PUBLIC COMPANY LIMITED,Services,BBB
BAFS.BK,-0.4131635314500481,Exit Point,BAFS,,,
BAM.BK,0.4138526465112276,Neutral,BAM,BANGKOK COMMERCIAL ASSET MANAGEMENT PUBLIC COMPANY LIMITED,Financials,AA
BANPU.BK,-0.2496703217220621,Exit Point,BANPU,BANPU PUBLIC COMPANY LIMITED,Resources,AAA
BAREIT.BK,0.2564653485059648,Neutral,BAREIT,,,
BAY.BK,-0.3978927090806861,Exit Point,BAY,BANK OF AYUDHYA PUBLIC COMPANY LIMITED,Financials,AAA
BBGI.BK,-0.1711156470171493,Exit Point,BBGI,BBGI PUBLIC COMPANY LIMITED,Resources,AA
BBIK.BK,-0.3738881078138381,Exit Point,BBIK,,,
BBL.BK,0.1131985056327728,Neutral,BBL,BANGKOK BANK PUBLIC COMPANY LIMITED,Financials,AAA
BC.BK,0.1605131481759361,Neutral,BC,,,
BCH.BK,0.2068847720542505,Neutral,BCH,BANGKOK CHAIN HOSPITAL PUBLIC COMPANY LIMITED,Services,AA
BCP.BK,0.4110206146722506,Neutral,BCP,,,
BCPG.BK,0.6261840484592179,Neutral,BCPG,BCPG PUBLIC COMPANY LIMITED,Resources,AAA
BCT.BK,-0.2698859137533285,Exit Point,BCT,,,
BDMS.BK,-0.1302226777458763,Exit Point,BDMS,BANGKOK DUSIT MEDICAL SERVICES PUBLIC COMPANY LIMITED,Services,A
BE8.BK,-0.3472800069434356,Exit Point,BE8,,,
BEAUTY.BK,0.1911475954667685,Neutral,BEAUTY,,,
BEC.BK,0.320060317133506,Neutral,BEC,,,
BEM.BK,-0.6199652434529402,Exit Point,BEM,BANGKOK EXPRESSWAY AND METRO PUBLIC COMPANY LIMITED,Services,AAA
BEYOND.BK,-0.0689873110206969,Neutral,BEYOND,,,
BGC.BK,-0.945531854366528,Exit Point,BGC,BG CONTAINER GLASS PUBLIC COMPANY LIMITED,Industrials,AAA
BGRIM.BK,-0.5672164101213805,Exit Point,BGRIM,B.GRIMM POWER PUBLIC COMPANY LIMITED,Resources,AAA
BGT.BK,-0.0200721021498879,Neutral,BGT,,,
BH.BK,-0.5192691492174614,Exit Point,BH,,,
BIG.BK,0.4204048089560775,Neutral,BIG,,,
BIOTEC.BK,0.2746017701785445,Neutral,BIOTEC,,,
BIS.BK,0.1049531484681261,Neutral,BIS,,,
BIZ.BK,0.3767865602940389,Neutral,BIZ,,,
BJC.BK,0.1225020769590948,Neutral,BJC,BERLI JUCKER PUBLIC COMPANY LIMITED,Services,AA
BJCHI.BK,-0.0269632583022115,Neutral,BJCHI,,,
BKD.BK,0.0051834706329656,Neutral,BKD,,,
BKGI.BK,-0.0883052955432789,Neutral,BKGI,,,
BKIH.BK,0.2248191546101764,Neutral,BKIH,BKI HOLDINGS PUBLIC COMPANY LIMITED,Financials,AAA
BLA.BK,-0.2980506706474523,Exit Point,BLA,BANGKOK LIFE ASSURANCE PUBLIC COMPANY LIMITED,Financials,AA
BLAND.BK,-0.0282205635625024,Neutral,BLAND,,,
BLC.BK,0.3100063591719674,Neutral,BLC,BANGKOK LAB AND COSMETIC PUBLIC COMPANY LIMITED,Consumer Products,BBB
BLESS.BK,0.1771771088912231,Neutral,BLESS,,,
BLISS.BK,0.0226114715640208,Neutral,BLISS,,,
BM.BK,-1.107574060677648,Exit Point,BM,,,
BOFFICE.BK,0.0762579466841432,Neutral,BOFFICE,,,
BOL.BK,0.2056183804263439,Neutral,BOL,,,
BPP.BK,-0.4184002348930223,Exit Point,BPP,BANPU POWER PUBLIC COMPANY LIMITED,Resources,AAA
BPS.BK,0.3422045772784437,Neutral,BPS,,,
BR.BK,-0.4370534388614592,Exit Point,BR,,,
BRI.BK,-0.5777606948189317,Exit Point,BRI,BRITANIA PUBLIC COMPANY LIMITED,Property & Construction,AA
BROCK.BK,0.4927740660505636,Neutral,BROCK,,,
BRR.BK,0.2956229051709226,Neutral,BRR,,,
BRRGIF.BK,0.0372003826780802,Neutral,BRRGIF,,,
BSBM.BK,0.0616874116536877,Neutral,BSBM,,,
BSM.BK,-0.3467332753142559,Exit Point,BSM,,,
BSRC.BK,-0.3713733541859804,Exit Point,BSRC,,,
BTC.BK,-0.2026745936560098,Exit Point,BTC,,,
BTG.BK,0.7248638781185676,Neutral,BTG,BETAGRO PUBLIC COMPANY LIMITED,Agro & Food Industry,AAA
BTNC.BK,0.0176139583206164,Neutral,BTNC,,,
BTS.BK,-0.1148503290643472,Exit Point,BTS,BTS GROUP HOLDINGS PUBLIC COMPANY LIMITED,Services,AA
BTSGIF.BK,-0.1744826295018757,Exit Point,BTSGIF,,,
BTW.BK,0.1311964544508753,Neutral,BTW,,,
BUI.BK,0.1453676480532876,Neutral,BUI,,,
BVG.BK,-0.5626188913779082,Exit Point,BVG,,,
BWG.BK,-0.208328278627607,Exit Point,BWG,,,
BYD.BK,0.00040464420391,Neutral,BYD,,,
CAZ.BK,0.0342162789696596,Neutral,CAZ,,,
CBG.BK,-0.2048200688845046,Exit Point,CBG,CARABAO GROUP PUBLIC COMPANY LIMITED,Agro & Food Industry,AA
CCET.BK,-0.1927007550929615,Exit Point,CCET,,,
CCP.BK,-0.1183863915031328,Exit Point,CCP,,,
CEN.BK,-0.9258759480541606,Exit Point,CEN,,,
CENTEL.BK,-0.4588209643310265,Exit Point,CENTEL,CENTRAL PLAZA HOTEL PUBLIC COMPANY LIMITED,Services,AAA
CEYE.BK,-0.1979124221708888,Exit Point,CEYE,,,
CFARM.BK,0.6545497370159332,Neutral,CFARM,,,
CFRESH.BK,-0.6548695567421233,Exit Point,CFRESH,SEAFRESH INDUSTRY PUBLIC COMPANY LIMITED,Agro & Food Industry,A
CGD.BK,-0.2510830965689866,Exit Point,CGD,,,
CGH.BK,-0.1317686290738775,Exit Point,CGH,,,
CH.BK,-0.091097764604337,Neutral,CH,,,
CHAO.BK,0.1742811760974278,Neutral,CHAO,,,
CHARAN.BK,-0.1118551885564296,Exit Point,CHARAN,,,
CHASE.BK,0.1308004687110672,Neutral,CHASE,CHASE ASIA PUBLIC COMPANY LIMITED,Financials,A
CHAYO.BK,-0.2607859678002085,Exit Point,CHAYO,,,
CHEWA.BK,0.0120452402803667,Neutral,CHEWA,,,
CHG.BK,-0.2541327223788265,Exit Point,CHG,,,
CHIC.BK,-0.1541235988377736,Exit Point,CHIC,,,
CHO.BK,0.1114900227044478,Neutral,CHO,,,
CHOTI.BK,0.2420852565808617,Neutral,CHOTI,,,
CHOW.BK,-0.5038304596400958,Exit Point,CHOW,,,
CI.BK,0.2736535877300766,Neutral,CI,,,
CIG.BK,0.7103591643590492,Neutral,CIG,,,
CIMBT.BK,0.4985862067283811,Neutral,CIMBT,,,
CITY.BK,0.0382528621419933,Neutral,CITY,,,
CIVIL.BK,-0.4525286329251696,Exit Point,CIVIL,,,
CK.BK,-0.0533936231579155,Neutral,CK,CH. KARNCHANG PUBLIC COMPANY LIMITED,Property & Construction,AA
CKP.BK,0.1163883392497792,Neutral,CKP,CK POWER PUBLIC COMPANY LIMITED,Resources,AAA
CM.BK,-0.6846692727349504,Exit Point,CM,CHIANGMAI FROZEN FOODS PUBLIC COMPANY LIMITED,Agro & Food Industry,A
CMAN.BK,0.3509578003329725,Neutral,CMAN,,,
CMC.BK,-0.1637023070688596,Exit Point,CMC,,,
CMO.BK,0.297000191557915,Neutral,CMO,,,
CMR.BK,-0.9277566403416724,Exit Point,CMR,,,
CNT.BK,0.314797085461015,Neutral,CNT,,,
COCOCO.BK,-0.6123084406805296,Exit Point,COCOCO,,,
COLOR.BK,0.0509256395320662,Neutral,COLOR,SALEE COLOUR PUBLIC COMPANY LIMITED,Industrials,A
COM7.BK,-0.1316031727017957,Exit Point,COM7,COM7 PUBLIC COMPANY LIMITED,Services,AA
COMAN.BK,0.2424708297510996,Neutral,COMAN,,,
CPALL.BK,0.0433670412770205,Neutral,CPALL,CP ALL PUBLIC COMPANY LIMITED,Services,AAA
CPANEL.BK,-0.1629887539766785,Exit Point,CPANEL,,,
CPAXT.BK,-0.1957260242804214,Exit Point,CPAXT,CP AXTRA PUBLIC COMPANY LIMITED,Services,AA**
CPF.BK,0.6485842068245073,Neutral,CPF,CHAROEN POKPHAND FOODS PUBLIC COMPANY LIMITED,Agro & Food Industry,AAA
CPH.BK,0.0109711255642795,Neutral,CPH,,,
CPI.BK,-0.171100276247254,Exit Point,CPI,,,
CPL.BK,0.0571088145574924,Neutral,CPL,,,
CPN.BK,-0.1479902622404008,Exit Point,CPN,CENTRAL PATTANA PUBLIC COMPANY LIMITED,Property & Construction,AAA
CPNCG.BK,-0.1037725278669268,Exit Point,CPNCG,,,
CPNREIT.BK,0.4793371827664557,Neutral,CPNREIT,,,
CPR.BK,0.2356518634709001,Neutral,CPR,,,
CPT.BK,0.3122283950873666,Neutral,CPT,,,
CPTREIT.BK,0.1826622110476529,Neutral,CPTREIT,,,
CPW.BK,-0.0306627149101712,Neutral,CPW,,,
CRANE.BK,0.3076859202198956,Neutral,CRANE,,,
CRC.BK,-0.5876796196926352,Exit Point,CRC,CENTRAL RETAIL CORPORATION PUBLIC COMPANY LIMITED,Services,AA
CRD.BK,0.2235964619522001,Neutral,CRD,,,
CREDIT.BK,0.365573944946282,Neutral,CREDIT,,,
CSC.BK,0.1578146236987775,Neutral,CSC,,,
CSP.BK,0.0713909206467883,Neutral,CSP,,,
CSR.BK,-0.2132782984023909,Exit Point,CSR,,,
CSS.BK,0.1566058632486469,Neutral,CSS,,,
CTARAF.BK,0.6665695980315466,Neutral,CTARAF,,,
CTW.BK,0.0622022139942179,Neutral,CTW,,,
CV.BK,0.016731010582744,Neutral,CV,,,
CWT.BK,0.2466444340351885,Neutral,CWT,,,
D.BK,-0.6688766815306082,Exit Point,D,,,
DCC.BK,0.1113465441047005,Neutral,DCC,,,
DCON.BK,-0.0052988497451914,Neutral,DCON,,,
DDD.BK,-0.0815663065568677,Neutral,DDD,,,
DELTA.BK,0.2134120569949569,Neutral,DELTA,DELTA ELECTRONICS (THAILAND) PUBLIC COMPANY LIMITED,Technology,A
DEMCO.BK,-0.7982593312720896,Exit Point,DEMCO,DEMCO PUBLIC COMPANY LIMITED,Resources,BBB
DEXON.BK,0.4254342973318563,Neutral,DEXON,,,
DHOUSE.BK,0.1750469782771088,Neutral,DHOUSE,,,
DIF.BK,-0.0084828416796933,Neutral,DIF,,,
DIMET.BK,0.1727962658692186,Neutral,DIMET,,,
DITTO.BK,-0.1125121907056106,Exit Point,DITTO,DITTO (THAILAND) PUBLIC COMPANY LIMITED,Technology,AAA
DMT.BK,-0.0816826416238078,Neutral,DMT,DON MUANG TOLLWAY PUBLIC COMPANY LIMITED,Services,AA
DOD.BK,0.3479216886476811,Neutral,DOD,,,
DOHOME.BK,-0.5862434447414382,Exit Point,DOHOME,,,
DPAINT.BK,-0.2251344289442636,Exit Point,DPAINT,,,
DREIT.BK,-0.1009396590520223,Exit Point,DREIT,,,
DRT.BK,-1.1125997023776246,Exit Point,DRT,DIAMOND BUILDING PRODUCTS PUBLIC COMPANY LIMITED,Property & Construction,AA
DTCENT.BK,-0.4683667904512211,Exit Point,DTCENT,,,
DTCI.BK,0.3151905749038738,Neutral,DTCI,,,
DUSIT.BK,-0.4148907627514254,Exit Point,DUSIT,,,
DV8.BK,6.600627369481414,Max Long,DV8,,,
EA.BK,0.6383366329130636,Neutral,EA,,,
EASON.BK,0.6241923918267763,Neutral,EASON,,,
EASTW.BK,-0.5180987534719128,Exit Point,EASTW,EASTERN WATER RESOURCES DEVELOPMENT AND MANAGEMENT PUBLIC COMPANY LIMITED,Resources,AA
ECF.BK,-0.3337535500607544,Exit Point,ECF,,,
EE.BK,0.419832962632334,Neutral,EE,,,
EFORL.BK,-0.1308667869770245,Exit Point,EFORL,,,
EGATIF.BK,0.2782134855134845,Neutral,EGATIF,,,
EGCO.BK,0.160041907542935,Neutral,EGCO,ELECTRICITY GENERATING PUBLIC COMPANY LIMITED,Resources,AA
EKH.BK,0.1626807694462143,Neutral,EKH,,,
EMC.BK,-1.428451218415644,Exit Point,EMC,,,
EP.BK,-0.14041227357694,Exit Point,EP,,,
EPG.BK,-0.2351787381073432,Exit Point,EPG,EASTERN POLYMER GROUP PUBLIC COMPANY LIMITED,Property & Construction,AA
ERW.BK,-0.5997495431298101,Exit Point,ERW,,,
ESTAR.BK,0.3168739071593244,Neutral,ESTAR,,,
ETC.BK,0.0191676776546327,Neutral,ETC,EARTH TECH ENVIRONMENT PUBLIC COMPANY LIMITED,Resources,AA
ETE.BK,0.0554071460373774,Neutral,ETE,,,
ETL.BK,0.8960768180626202,Neutral,ETL,,,
EURO.BK,-0.0607592795150435,Neutral,EURO,,,
EVER.BK,0.614323329413195,Neutral,EVER,,,
F&D.BK,1.0426133900223935,Weight Increase,F&D,,,
FANCY.BK,0.2786400979124441,Neutral,FANCY,,,
FE.BK,0.3989902411712323,Neutral,FE,,,
FLOYD.BK,0.4065807267422434,Neutral,FLOYD,,,
FM.BK,0.5811987908925756,Neutral,FM,,,
FMT.BK,-0.1241100732033002,Exit Point,FMT,,,
FN.BK,-0.2658846020217388,Exit Point,FN,,,
FNS.BK,-0.6167247037985196,Exit Point,FNS,,,
FORTH.BK,-0.0096394451146196,Neutral,FORTH,,,
FPI.BK,-0.1129818126161044,Exit Point,FPI,FORTUNE PARTS INDUSTRY PUBLIC COMPANY LIMITED,Industrials,AA
FPT.BK,-0.663916955739742,Exit Point,FPT,FRASERS PROPERTY (THAILAND) PUBLIC COMPANY LIMITED,Property & Construction,AA
FSMART.BK,0.1460442953321356,Neutral,FSMART,,,
FSX.BK,-0.3562129562740419,Exit Point,FSX,,,
FTE.BK,0.5778231384019217,Neutral,FTE,,,
FTI.BK,0.1276327060769031,Neutral,FTI,,,
FTREIT.BK,0.2310347081968541,Neutral,FTREIT,,,
FUTURERT.BK,-0.2712255771989971,Exit Point,FUTURERT,,,
FVC.BK,0.3554502397983784,Neutral,FVC,,,
GABLE.BK,0.4164474955804465,Neutral,GABLE,G-ABLE PUBLIC COMPANY LIMITED,Technology,BBB
GAHREIT.BK,0.0420914767999916,Neutral,GAHREIT,,,
GBX.BK,-0.3160975046486306,Exit Point,GBX,,,
GC.BK,-0.4718053144166235,Exit Point,GC,,,
GCAP.BK,0.4208926482920375,Neutral,GCAP,G CAPITAL PUBLIC COMPANY LIMITED,Financials,A
GEL.BK,-0.2193390292808623,Exit Point,GEL,,,
GENCO.BK,-0.27786991941492,Exit Point,GENCO,,,
GFC.BK,-1.1419865668964253,Exit Point,GFC,,,
GFPT.BK,0.3531017068871722,Neutral,GFPT,,,
GGC.BK,0.5715159462066602,Neutral,GGC,,,
GJS.BK,0.4071273966184295,Neutral,GJS,,,
GL.BK,-1.754766334642883,Exit Point,GL,,,
GLAND.BK,0.0885242731438608,Neutral,GLAND,,,
GLOBAL.BK,-0.6895521892108072,Exit Point,GLOBAL,SIAM GLOBAL HOUSE PUBLIC COMPANY LIMITED,Services,AA
GLOCON.BK,0.3334574482349152,Neutral,GLOCON,,,
GLORY.BK,0.0204852194673035,Neutral,GLORY,,,
GPI.BK,0.3550404127545948,Neutral,GPI,,,
GPSC.BK,0.2255389117231644,Neutral,GPSC,GLOBAL POWER SYNERGY PUBLIC COMPANY LIMITED,Resources,AAA
GRAMMY.BK,-0.0595787844790384,Neutral,GRAMMY,,,
GRAND.BK,0.6636469277265851,Neutral,GRAND,,,
GREEN.BK,-0.5043352308331274,Exit Point,GREEN,,,
GROREIT.BK,0.1476142331809272,Neutral,GROREIT,,,
GSTEEL.BK,0.0226114715640208,Neutral,GSTEEL,,,
GTB.BK,0.2730299914503851,Neutral,GTB,,,
GTV.BK,0.2178749592279746,Neutral,GTV,,,
GULF.BK,0.1516628278895849,Neutral,GULF,GULF DEVELOPMENT PUBLIC COMPANY LIMITED,Resources,AAA
GUNKUL.BK,-0.2496837698495793,Exit Point,GUNKUL,GUNKUL ENGINEERING PUBLIC COMPANY LIMITED,Resources,AA
GVREIT.BK,0.4978990071069976,Neutral,GVREIT,,,
GYT.BK,0.3971362311209199,Neutral,GYT,,,
HANA.BK,0.2001556834668582,Neutral,HANA,HANA MICROELECTRONICS PUBLIC COMPANY LIMITED,Technology,AA
HARN.BK,0.1824808152794362,Neutral,HARN,HARN ENGINEERING SOLUTIONS PUBLIC COMPANY LIMITED,Industrials,A
HEALTH.BK,-0.1796100912022439,Exit Point,HEALTH,,,
HENG.BK,0.0944769963023408,Neutral,HENG,HENG LEASING AND CAPITAL PUBLIC COMPANY LIMITED,Financials,AA
HFT.BK,-0.0954435264153528,Neutral,HFT,,,
HL.BK,-0.4853921949507005,Exit Point,HL,,,
HMPRO.BK,0.0291951107760586,Neutral,HMPRO,HOME PRODUCT CENTER PUBLIC COMPANY LIMITED,Services,AA
HPF.BK,0.1555800327710798,Neutral,HPF,,,
HPT.BK,0.2431925787557945,Neutral,HPT,,,
HTC.BK,0.0880973367878518,Neutral,HTC,HAAD THIP PUBLIC COMPANY LIMITED,Agro & Food Industry,AA
HTECH.BK,-0.0140034763867597,Neutral,HTECH,,,
HUMAN.BK,0.5020265083584875,Neutral,HUMAN,,,
HYDRO.BK,0.730557533137918,Neutral,HYDRO,,,
HYDROGEN.BK,-0.5490740424783103,Exit Point,HYDROGEN,,,
I2.BK,-0.4038748916864835,Exit Point,I2,,,
ICC.BK,0.8041383562891706,Neutral,ICC,,,
ICHI.BK,-0.5471397021964777,Exit Point,ICHI,ICHITAN GROUP PUBLIC COMPANY LIMITED,Agro & Food Industry,A
ICN.BK,-0.0565911765409927,Neutral,ICN,,,
IFS.BK,-0.4934407495881738,Exit Point,IFS,,,
IHL.BK,0.1626743959706472,Neutral,IHL,,,
IIG.BK,-0.6089680078916043,Exit Point,IIG,,,
III.BK,-0.3291572409672232,Exit Point,III,TRIPLE I LOGISTICS PUBLIC COMPANY LIMITED,Services,AA
ILINK.BK,0.2270623874801714,Neutral,ILINK,INTERLINK COMMUNICATION PUBLIC COMPANY LIMITED,Technology,A
ILM.BK,0.0428544960765702,Neutral,ILM,INDEX LIVING MALL PUBLIC COMPANY LIMITED,Services,AA
IMH.BK,-0.6675069322199995,Exit Point,IMH,,,
IMPACT.BK,0.1856346632236347,Neutral,IMPACT,,,
IND.BK,0.4881592460106733,Neutral,IND,,,
INET.BK,0.0973033474248469,Neutral,INET,,,
INETREIT.BK,1.4235147017676313,Weight Increase,INETREIT,,,
INGRS.BK,0.2459004644093476,Neutral,INGRS,,,
INOX.BK,0.0454418316806304,Neutral,INOX,,,
INSET.BK,-0.4687053516201495,Exit Point,INSET,INFRASET PUBLIC COMPANY LIMITED,Technology,BBB
INSURE.BK,0.2966378577870773,Neutral,INSURE,,,
IP.BK,0.4813548933807102,Neutral,IP,,,
IRC.BK,-0.5245278623839443,Exit Point,IRC,INOUE RUBBER (THAILAND) PUBLIC COMPANY LIMITED,Industrials,A
IRCP.BK,-0.1336509857505763,Exit Point,IRCP,,,
IROYAL.BK,0.1209636747326029,Neutral,IROYAL,,,
IRPC.BK,-0.2299492561586543,Exit Point,IRPC,,,
ISSARA.BK,-0.0072661914570537,Neutral,ISSARA,,,
IT.BK,-0.3479031784762488,Exit Point,IT,IT CITY PUBLIC COMPANY LIMITED,Services,A
ITC.BK,-0.5401564183762275,Exit Point,ITC,,,
ITD.BK,-0.1092703972533027,Exit Point,ITD,,,
ITEL.BK,-0.2810575186085368,Exit Point,ITEL,INTERLINK TELECOM PUBLIC COMPANY LIMITED,Technology,A
ITNS.BK,0.4375767011396116,Neutral,ITNS,,,
ITTHI.BK,0.077239626092222,Neutral,ITTHI,,,
IVF.BK,-0.8694145312387012,Exit Point,IVF,,,
IVL.BK,0.1195944734206974,Neutral,IVL,INDORAMA VENTURES PUBLIC COMPANY LIMITED,Industrials,AAA
J.BK,-0.61021943482502,Exit Point,J,,,
JAK.BK,1.2128810595394608,Weight Increase,JAK,,,
JAS.BK,0.058418418641905,Neutral,JAS,,,
JCK.BK,0.353847157402092,Neutral,JCK,,,
JCKH.BK,0.1120289118591556,Neutral,JCKH,,,
JCT.BK,0.264581538967892,Neutral,JCT,,,
JDF.BK,-0.2483492169398455,Exit Point,JDF,,,
JKN.BK,0.0226114715640208,Neutral,JKN,,,
JMART.BK,-0.6640399429510021,Exit Point,JMART,JAYMART GROUP HOLDINGS PUBLIC COMPANY LIMITED,Technology,A
JMT.BK,-0.3396699333391623,Exit Point,JMT,JMT NETWORK SERVICES PUBLIC COMPANY LIMITED,Financials,BBB
JPARK.BK,-0.2678540646944794,Exit Point,JPARK,,,
JR.BK,-0.4212220890262976,Exit Point,JR,,,
JSP.BK,-0.1928330681048127,Exit Point,JSP,,,
JTS.BK,-0.0919835315472921,Neutral,JTS,,,
JUBILE.BK,-1.2208403395109515,Exit Point,JUBILE,,,
K.BK,0.4869875838216677,Neutral,K,,,
KAMART.BK,-0.3102248773343319,Exit Point,KAMART,,,
KASET.BK,-0.0417067619449574,Neutral,KASET,,,
KBANK.BK,0.3620305951493145,Neutral,KBANK,KASIKORNBANK PUBLIC COMPANY LIMITED,Financials,AAA
KBS.BK,0.2026441687488532,Neutral,KBS,,,
KBSPIF.BK,-0.0106360806060571,Neutral,KBSPIF,,,
KC.BK,1.090136620699244,Weight Increase,KC,,,
KCAR.BK,1.5977610932155806,Weight Increase,KCAR,,,
KCC.BK,-0.4190781015730575,Exit Point,KCC,,,
KCE.BK,-0.132199441526266,Exit Point,KCE,KCE ELECTRONICS PUBLIC COMPANY LIMITED,Technology,A
KCG.BK,0.450401254619075,Neutral,KCG,KCG CORPORATION PUBLIC COMPANY LIMITED,Agro & Food Industry,A
KCM.BK,0.0638603139467752,Neutral,KCM,,,
KDH.BK,0.133298525609265,Neutral,KDH,,,
KEX.BK,0.4036524544002782,Neutral,KEX,,,
KGEN.BK,-0.2394459714987838,Exit Point,KGEN,,,
KGI.BK,-0.3241080283725397,Exit Point,KGI,,,
KIAT.BK,0.3265350711607254,Neutral,KIAT,,,
KISS.BK,-0.0706698030571752,Neutral,KISS,,,
KJL.BK,0.1223315109800849,Neutral,KJL,,,
KK.BK,-0.5180043655330924,Exit Point,KK,,,
KKC.BK,0.0226114715640208,Neutral,KKC,,,
KKP.BK,0.1088308720099287,Neutral,KKP,KIATNAKIN PHATRA BANK PUBLIC COMPANY LIMITED,Financials,AA
KLINIQ.BK,-0.1871159286383698,Exit Point,KLINIQ,,,
KOOL.BK,0.277256798380449,Neutral,KOOL,,,
KPNREIT.BK,0.2813697932838513,Neutral,KPNREIT,,,
KSL.BK,-0.3584354236930459,Exit Point,KSL,,,
KTB.BK,0.4179567549737584,Neutral,KTB,KRUNG THAI BANK PUBLIC COMPANY LIMITED,Financials,AAA
KTBSTMR.BK,-0.142715075053305,Exit Point,KTBSTMR,,,
KTC.BK,-0.453226260365799,Exit Point,KTC,KRUNGTHAI CARD PUBLIC COMPANY LIMITED,Financials,AAA
KTIS.BK,-0.0360267627118196,Neutral,KTIS,,,
KTMS.BK,0.3503010739779575,Neutral,KTMS,,,
KUMWEL.BK,0.1625763828707619,Neutral,KUMWEL,KUMWELL CORPORATION PUBLIC COMPANY LIMITED,Industrials,A
KUN.BK,0.3948903743945288,Neutral,KUN,,,
KWC.BK,0.5077276968663023,Neutral,KWC,,,
KWI.BK,0.1918070192511772,Neutral,KWI,,,
KWM.BK,-0.1820319491915915,Exit Point,KWM,,,
KYE.BK,1.1553479828781492,Weight Increase,KYE,,,
L&E.BK,0.36448128738657,Neutral,L&E,,,
LALIN.BK,-0.9084395569975484,Exit Point,LALIN,,,
LANNA.BK,0.2665497111195577,Neutral,LANNA,,,
LDC.BK,0.0162746243715632,Neutral,LDC,,,
LEE.BK,0.347412625125925,Neutral,LEE,,,
LEO.BK,0.2575993926928974,Neutral,LEO,,,
LH.BK,-0.2571837536055448,Exit Point,LH,LAND AND HOUSES PUBLIC COMPANY LIMITED,Property & Construction,AA
LHFG.BK,0.437683681302092,Neutral,LHFG,LH FINANCIAL GROUP PUBLIC COMPANY LIMITED,Financials,A
LHHOTEL.BK,-0.3156096647365517,Exit Point,LHHOTEL,,,
LHK.BK,-0.0375051406215897,Neutral,LHK,,,
LHRREIT.BK,-0.0757768261773467,Neutral,LHRREIT,,,
LHSC.BK,0.6955048566361725,Neutral,LHSC,,,
LIT.BK,0.3298433317878178,Neutral,LIT,,,
LOXLEY.BK,-0.4596384493464195,Exit Point,LOXLEY,LOXLEY PUBLIC COMPANY LIMITED,Services,A
LPH.BK,-0.6848896401845445,Exit Point,LPH,,,
LPN.BK,-0.7304216601492527,Exit Point,LPN,,,
LRH.BK,0.0697958378768379,Neutral,LRH,,,
LST.BK,-0.2636865089830588,Exit Point,LST,,,
LTS.BK,-0.7221725673832442,Exit Point,LTS,,,
LUXF.BK,0.2818455741946087,Neutral,LUXF,,,
M-CHAI.BK,-1.4335876632346476,Exit Point,M-CHAI,MAHACHAI HOSPITAL PUBLIC COMPANY LIMITED,Services,AAA
M-PAT.BK,0.7484044901051963,Neutral,M-PAT,,,
M-STOR.BK,-0.0203866479997256,Neutral,M-STOR,,,
M.BK,-0.484659558205715,Exit Point,M,,,
MAGURO.BK,-0.2161281776458458,Exit Point,MAGURO,,,
MAJOR.BK,-0.835527254942089,Exit Point,MAJOR,MAJOR CINEPLEX GROUP PUBLIC COMPANY LIMITED,Services,AA
MALEE.BK,0.1419926758130957,Neutral,MALEE,,,
MANRIN.BK,-0.2982242625525439,Exit Point,MANRIN,,,
MASTER.BK,-0.7504834078214991,Exit Point,MASTER,,,
MATCH.BK,0.4689954054912344,Neutral,MATCH,,,
MATI.BK,0.0317075274891485,Neutral,MATI,,,
MBAX.BK,-0.0579263870484033,Neutral,MBAX,,,
MBK.BK,-0.424936864342496,Exit Point,MBK,MBK PUBLIC COMPANY LIMITED,Property & Construction,A
MC.BK,0.1708412711866308,Neutral,MC,MC GROUP PUBLIC COMPANY LIMITED,Services,AAA
MCA.BK,0.2077360754240725,Neutral,MCA,,,
MCOT.BK,0.0019907936563744,Neutral,MCOT,,,
MCS.BK,1.3153714005504291,Weight Increase,MCS,,,
MDX.BK,0.0313611150371689,Neutral,MDX,,,
MEB.BK,-0.0962375364022354,Neutral,MEB,,,
MEDEZE.BK,0.1479561264452293,Neutral,MEDEZE,,,
MEGA.BK,-0.3521940224531156,Exit Point,MEGA,MEGA LIFESCIENCES PUBLIC COMPANY LIMITED,Services,A
MENA.BK,-0.0165901853608436,Neutral,MENA,,,
META.BK,0.9868944264691714,Neutral,META,,,
METCO.BK,0.7580718634942949,Neutral,METCO,,,
MFC.BK,0.6905891587260993,Neutral,MFC,MFC ASSET MANAGEMENT PUBLIC COMPANY LIMITED,Financials,A
MFEC.BK,-0.1002103780592157,Exit Point,MFEC,MFEC PUBLIC COMPANY LIMITED,Technology,AAA
MGC.BK,-0.0078321390692824,Neutral,MGC,,,
MGI.BK,0.3468570835506922,Neutral,MGI,,,
MGT.BK,0.1155004707547765,Neutral,MGT,,,
MICRO.BK,0.13006476364436,Neutral,MICRO,MICRO LEASING PUBLIC COMPANY LIMITED,Financials,BBB
MIDA.BK,0.5131889489398028,Neutral,MIDA,,,
MII.BK,-0.5947811087237896,Exit Point,MII,,,
MILL.BK,0.5178824028518999,Neutral,MILL,,,
MINT.BK,0.3369135177021414,Neutral,MINT,MINOR INTERNATIONAL PUBLIC COMPANY LIMITED,Services,AA
MIPF.BK,0.2690259323604032,Neutral,MIPF,,,
MIT.BK,0.7814473185729505,Neutral,MIT,,,
MITSIB.BK,-0.1856406277391134,Exit Point,MITSIB,,,
MJD.BK,-0.4139179781530608,Exit Point,MJD,,,
MJLF.BK,0.312026717318103,Neutral,MJLF,,,
MK.BK,0.1402505550049668,Neutral,MK,,,
ML.BK,0.0638559238897979,Neutral,ML,,,
MNIT.BK,-0.1129626218317522,Exit Point,MNIT,,,
MNIT2.BK,0.2990456433769696,Neutral,MNIT2,,,
MNRF.BK,0.1619936801781162,Neutral,MNRF,,,
MODERN.BK,0.23717922431759,Neutral,MODERN,MODERNFORM GROUP PUBLIC COMPANY LIMITED,Consumer Products,A
MONO.BK,0.3205220318412895,Neutral,MONO,,,
MOONG.BK,-0.0069705672953049,Neutral,MOONG,MOONG PATTANA INTERNATIONAL PUBLIC COMPANY LIMITED,Consumer Products,A
MORE.BK,2.124132248475901,Neural Uptaking,MORE,,,
MOSHI.BK,0.2027958702646013,Neutral,MOSHI,MOSHI MOSHI RETAIL CORPORATION PUBLIC COMPANY LIMITED,Services,A
MPJ.BK,0.3223865933576301,Neutral,MPJ,,,
MSC.BK,0.3193807186219558,Neutral,MSC,METRO SYSTEMS CORPORATION PUBLIC COMPANY LIMITED,Technology,A
MST.BK,-0.3565452842357977,Exit Point,MST,,,
MTC.BK,0.1700306539348859,Neutral,MTC,MUANGTHAI CAPITAL PUBLIC COMPANY LIMITED,Financials,AAA
MTI.BK,1.5139372658780992,Weight Increase,MTI,MUANG THAI INSURANCE PUBLIC COMPANY LIMITED,Financials,AA
MTW.BK,0.0448713119306678,Neutral,MTW,,,
MUD.BK,0.4335612279425221,Neutral,MUD,,,
MVP.BK,0.0028692450750122,Neutral,MVP,,,
NAM.BK,0.2707396905739533,Neutral,NAM,,,
NAT.BK,-0.7004888153200696,Exit Point,NAT,,,
NATION.BK,0.5013076902345034,Neutral,NATION,,,
NC.BK,0.3695245449921846,Neutral,NC,,,
NCAP.BK,0.8607628391513655,Neutral,NCAP,,,
NCH.BK,-0.2867208583578914,Exit Point,NCH,,,
NCL.BK,0.2839725353956031,Neutral,NCL,,,
NCP.BK,0.4454490714058272,Neutral,NCP,,,
NDR.BK,0.0013068676074425,Neutral,NDR,,,
NEO.BK,0.0676305354622693,Neutral,NEO,,,
NEP.BK,0.52171516728195,Neutral,NEP,,,
NER.BK,0.0318339146682845,Neutral,NER,NORTH EAST RUBBER PUBLIC COMPANY LIMITED,Agro & Food Industry,A
NETBAY.BK,0.3919574090547155,Neutral,NETBAY,,,
NEW.BK,0.4261462402234662,Neutral,NEW,,,
NEWS.BK,0.0226114715640208,Neutral,NEWS,,,
NEX.BK,0.8700821873322597,Neutral,NEX,,,
NFC.BK,0.4679067103399208,Neutral,NFC,,,
NKI.BK,0.0062318800830435,Neutral,NKI,,,
NKT.BK,-0.2661695638771952,Exit Point,NKT,,,
NL.BK,-0.437458218744477,Exit Point,NL,,,
NNCL.BK,-0.33430413688134,Exit Point,NNCL,,,
NOBLE.BK,-0.8690950103245629,Exit Point,NOBLE,NOBLE DEVELOPMENT PUBLIC COMPANY LIMITED,Property & Construction,AAA
NOVA.BK,0.327148896756488,Neutral,NOVA,,,
NPK.BK,0.2897339767789257,Neutral,NPK,,,
NRF.BK,-0.4841965903089157,Exit Point,NRF,,,
NSL.BK,0.419877567920182,Neutral,NSL,,,
NTSC.BK,-0.1994031313810428,Exit Point,NTSC,,,
NTV.BK,-0.4894243951632571,Exit Point,NTV,,,
NV.BK,-0.7618500816328861,Exit Point,NV,,,
NVD.BK,-0.1239001657518779,Exit Point,NVD,NIRVANA DEVELOPMENT PUBLIC COMPANY LIMITED,Property & Construction,A**
NWR.BK,0.3427869587880127,Neutral,NWR,,,
NYT.BK,0.3540273432304083,Neutral,NYT,NAMYONG TERMINAL PUBLIC COMPANY LIMITED,Services,AA
OCC.BK,0.5957691287363254,Neutral,OCC,,,
OGC.BK,-0.2331490156535657,Exit Point,OGC,,,
OHTL.BK,0.1787588907577644,Neutral,OHTL,,,
OKJ.BK,-0.3133209409445218,Exit Point,OKJ,,,
ONEE.BK,-0.9132207679590634,Exit Point,ONEE,,,
OR.BK,0.2285029582610944,Neutral,OR,PTT OIL AND RETAIL BUSINESS PUBLIC COMPANY LIMITED,Resources,AAA
ORI.BK,-0.6333900357965186,Exit Point,ORI,ORIGIN PROPERTY PUBLIC COMPANY LIMITED,Property & Construction,AAA
ORN.BK,0.3431097124606164,Neutral,ORN,,,
OSP.BK,0.0546612785436864,Neutral,OSP,OSOTSPA PUBLIC COMPANY LIMITED,Agro & Food Industry,AA
PACO.BK,0.1138652320073452,Neutral,PACO,,,
PAF.BK,0.12664686920869,Neutral,PAF,,,
PANEL.BK,0.2796458981377064,Neutral,PANEL,,,
PAP.BK,0.6761009616343292,Neutral,PAP,,,
PATO.BK,-0.2058211196796635,Exit Point,PATO,,,
PB.BK,-0.2902718609899758,Exit Point,PB,PRESIDENT BAKERY PUBLIC COMPANY LIMITED,Agro & Food Industry,AAA
PCC.BK,-0.2570048755010711,Exit Point,PCC,PRECISE CORPORATION PUBLIC COMPANY LIMITED,Industrials,A
PCE.BK,0.0354052524794077,Neutral,PCE,,,
PCSGH.BK,-0.1046216132838308,Exit Point,PCSGH,P.C.S. MACHINE GROUP HOLDING PUBLIC COMPANY LIMITED,Industrials,A
PDG.BK,0.4352572132588596,Neutral,PDG,,,
PDJ.BK,-0.9467516529256054,Exit Point,PDJ,PRANDA JEWELRY PUBLIC COMPANY LIMITED,Consumer Products,BBB
PEACE.BK,0.1917440988444363,Neutral,PEACE,,,
PEER.BK,-0.1308978086494732,Exit Point,PEER,,,
PERM.BK,0.3664257975640803,Neutral,PERM,,,
PF.BK,0.4401665028698261,Neutral,PF,,,
PG.BK,-0.2276853093038999,Exit Point,PG,,,
PHG.BK,-0.0025419938536872,Neutral,PHG,,,
PHOL.BK,-0.0672422459923393,Neutral,PHOL,PHOL DHANYA PUBLIC COMPANY LIMITED,Industrials,A
PICO.BK,0.5466726170609295,Neutral,PICO,,,
PIMO.BK,-0.1838241935073239,Exit Point,PIMO,,,
PIN.BK,0.2684626916627309,Neutral,PIN,,,
PIS.BK,0.4687528541184007,Neutral,PIS,,,
PJW.BK,0.2100620393479232,Neutral,PJW,,,
PK.BK,0.4016163127614251,Neutral,PK,,,
PL.BK,0.1058352751828554,Neutral,PL,,,
PLANB.BK,-0.1305324620397551,Exit Point,PLANB,PLAN B MEDIA PUBLIC COMPANY LIMITED,Services,AA
PLANET.BK,0.1918148186005789,Neutral,PLANET,,,
PLAT.BK,-0.6422706547093276,Exit Point,PLAT,,,
PLE.BK,0.0257575710813515,Neutral,PLE,,,
PLT.BK,-0.269467694787072,Exit Point,PLT,,,
PLUS.BK,-0.4057251840860084,Exit Point,PLUS,,,
PM.BK,1.1214345423387044,Weight Increase,PM,PREMIER MARKETING PUBLIC COMPANY LIMITED,Agro & Food Industry,A
PMC.BK,-0.0186813365652095,Neutral,PMC,,,
PMTA.BK,0.4625031845845864,Neutral,PMTA,,,
POLY.BK,0.0867966828983495,Neutral,POLY,,,
POPF.BK,-0.5340154338401394,Exit Point,POPF,,,
PORT.BK,-0.4140509468768356,Exit Point,PORT,,,
PPM.BK,0.2538629738427155,Neutral,PPM,,,
PPP.BK,-0.1590593780359723,Exit Point,PPP,,,
PPPM.BK,0.0617911256450347,Neutral,PPPM,,,
PPS.BK,0.3368640669242815,Neutral,PPS,PROJECT PLANNING SERVICE PUBLIC COMPANY LIMITED,Property & Construction,AA
PQS.BK,0.5149003599778613,Neutral,PQS,,,
PR9.BK,0.1239583822518146,Neutral,PR9,PRARAM 9 HOSPITAL PUBLIC COMPANY LIMITED,Services,AAA
PRAKIT.BK,0.0659747243454494,Neutral,PRAKIT,,,
PRAPAT.BK,-0.2731543827360362,Exit Point,PRAPAT,,,
PREB.BK,-0.6639761704128743,Exit Point,PREB,,,
PRECHA.BK,0.1541619078904032,Neutral,PRECHA,,,
PRG.BK,0.0784269719224624,Neutral,PRG,,,
PRI.BK,-0.1568856972498331,Exit Point,PRI,,,
PRIME.BK,0.2633633696253215,Neutral,PRIME,PRIME ROAD POWER PUBLIC COMPANY LIMITED,Resources,BBB
PRIN.BK,0.0469658574562995,Neutral,PRIN,,,
PRINC.BK,-0.7116520816190022,Exit Point,PRINC,,,
PRM.BK,-0.3300627473528307,Exit Point,PRM,,,
PROEN.BK,-0.1268142063210442,Exit Point,PROEN,,,
PROS.BK,0.3074204745638061,Neutral,PROS,,,
PROSPECT.BK,-0.4652455958777611,Exit Point,PROSPECT,,,
PROUD.BK,0.5760204541665817,Neutral,PROUD,,,
PRTR.BK,-0.1544891799872867,Exit Point,PRTR,,,
PSG.BK,0.2879450353847362,Neutral,PSG,,,
PSH.BK,-0.2833725796634384,Exit Point,PSH,PRUKSA HOLDING PUBLIC COMPANY LIMITED,Property & Construction,AA
PSL.BK,0.012548146059987,Neutral,PSL,PRECIOUS SHIPPING PUBLIC COMPANY LIMITED,Services,AA
PSP.BK,0.6470917390255365,Neutral,PSP,,,
PSTC.BK,0.1406756652073844,Neutral,PSTC,,,
PT.BK,1.44793364479666,Weight Increase,PT,,,
PTC.BK,-0.5746310294906507,Exit Point,PTC,,,
PTECH.BK,0.8225194374160146,Neutral,PTECH,,,
PTG.BK,-0.3387953632961828,Exit Point,PTG,,,
PTL.BK,0.1534342046127831,Neutral,PTL,,,
PTT.BK,0.2138472137619103,Neutral,PTT,PTT PUBLIC COMPANY LIMITED,Resources,AAA
PTTEP.BK,-0.0208172684883403,Neutral,PTTEP,PTT EXPLORATION AND PRODUCTION PUBLIC COMPANY LIMITED,Resources,AA**
PTTGC.BK,0.0465735666720311,Neutral,PTTGC,PTT GLOBAL CHEMICAL PUBLIC COMPANY LIMITED,Industrials,AAA
PYLON.BK,0.3428445796475522,Neutral,PYLON,,,
Q-CON.BK,-0.2195415518440149,Exit Point,Q-CON,QUALITY CONSTRUCTION PRODUCTS PUBLIC COMPANY LIMITED,Property & Construction,BBB
QH.BK,-0.3436300954310248,Exit Point,QH,,,
QHBREIT.BK,-1.350637346969582,Exit Point,QHBREIT,,,
QHHRREIT.BK,0.0508046448435172,Neutral,QHHRREIT,,,
QHOP.BK,0.4799013683895257,Neutral,QHOP,,,
QLT.BK,0.2917636606770543,Neutral,QLT,QUALITECH PUBLIC COMPANY LIMITED,Services,BBB
QTC.BK,0.3196019428964258,Neutral,QTC,QTC ENERGY PUBLIC COMPANY LIMITED,Industrials,AA
QTCG.BK,-0.1250020562911109,Exit Point,QTCG,,,
RABBIT.BK,-0.2417489273398207,Exit Point,RABBIT,,,
RAM.BK,-0.7229611518292453,Exit Point,RAM,,,
RATCH.BK,-0.0389089649296639,Neutral,RATCH,RATCH GROUP PUBLIC COMPANY LIMITED,Resources,AAA
RBF.BK,-0.7366106344822025,Exit Point,RBF,R&B FOOD SUPPLY PUBLIC COMPANY LIMITED,Agro & Food Industry,A
RCL.BK,0.3249164801828913,Neutral,RCL,,,
READY.BK,0.0358443841752503,Neutral,READY,,,
RICHY.BK,0.1191866642010687,Neutral,RICHY,,,
RJH.BK,-0.6773214495155845,Exit Point,RJH,,,
RML.BK,-0.1007632583017407,Exit Point,RML,,,
ROCK.BK,0.5810974555696143,Neutral,ROCK,,,
ROCTEC.BK,0.0756798548262912,Neutral,ROCTEC,,,
ROH.BK,0.1182045353458446,Neutral,ROH,,,
ROJNA.BK,-0.0846171954057325,Neutral,ROJNA,,,
RP.BK,-0.0021877909265533,Neutral,RP,,,
RPC.BK,-0.2031563349704139,Exit Point,RPC,,,
RPH.BK,-0.3191635774836743,Exit Point,RPH,,,
RS.BK,-1.5057804242612751,Exit Point,RS,,,
RSP.BK,-0.5930111279162423,Exit Point,RSP,,,
RT.BK,0.0009232777622054,Neutral,RT,,,
RWI.BK,-0.2343628386560404,Exit Point,RWI,,,
S&J.BK,0.5556953840831185,Neutral,S&J,S & J INTERNATIONAL ENTERPRISES PUBLIC COMPANY LIMITED,Consumer Products,AA
S.BK,-0.3224040488685309,Exit Point,S,SINGHA ESTATE PUBLIC COMPANY LIMITED,Property & Construction,AA
S11.BK,0.9205241992498364,Neutral,S11,,,
SA.BK,0.3771611236056726,Neutral,SA,,,
SAAM.BK,0.4816580149678941,Neutral,SAAM,,,
SABINA.BK,-0.8764679522956856,Exit Point,SABINA,SABINA PUBLIC COMPANY LIMITED,Consumer Products,AAA
SABUY.BK,-0.1960894942921499,Exit Point,SABUY,,,
SAF.BK,0.3741973470715108,Neutral,SAF,,,
SAFARI.BK,0.2075332733631135,Neutral,SAFARI,,,
SAFE.BK,-0.938468128186004,Exit Point,SAFE,,,
SAK.BK,0.025562008219995,Neutral,SAK,SAKSIAM LEASING PUBLIC COMPANY LIMITED,Financials,A
SALEE.BK,0.3281344254876526,Neutral,SALEE,,,
SAM.BK,-0.1104428567691202,Exit Point,SAM,,,
SAMART.BK,0.1862453209565797,Neutral,SAMART,,,
SAMCO.BK,-1.448388979630748,Exit Point,SAMCO,,,
SAMTEL.BK,0.235319901540603,Neutral,SAMTEL,,,
SANKO.BK,-0.1797301418536029,Exit Point,SANKO,,,
SAPPE.BK,-0.8869876470542725,Exit Point,SAPPE,SAPPE PUBLIC COMPANY LIMITED,Agro & Food Industry,A
SAT.BK,0.5866719498858574,Neutral,SAT,SOMBOON ADVANCE TECHNOLOGY PUBLIC COMPANY LIMITED,Industrials,AA
SAUCE.BK,0.4242311056216253,Neutral,SAUCE,,,
SAV.BK,-0.0557730786396248,Neutral,SAV,,,
SAWAD.BK,-0.517117250933135,Exit Point,SAWAD,SRISAWAD CORPORATION PUBLIC COMPANY LIMITED,Financials,AA
SAWANG.BK,-0.0723847787102923,Neutral,SAWANG,,,
SC.BK,-0.6204231946593018,Exit Point,SC,SC ASSET CORPORATION PUBLIC COMPANY LIMITED,Property & Construction,AA
SCAP.BK,0.2702639065686156,Neutral,SCAP,,,
SCB.BK,0.3903830908909995,Neutral,SCB,SCB X PUBLIC COMPANY LIMITED,Financials,AA
SCC.BK,0.3948160571719312,Neutral,SCC,THE SIAM CEMENT PUBLIC COMPANY LIMITED,Property & Construction,AAA
SCCC.BK,-0.0621721010370173,Neutral,SCCC,SIAM CITY CEMENT PUBLIC COMPANY LIMITED,Property & Construction,AA
SCG.BK,-0.659859751171371,Exit Point,SCG,RATCH PATHANA ENERGY PUBLIC COMPANY LIMITED,Resources,AA
SCGD.BK,0.0155947544144158,Neutral,SCGD,SCG DÉCOR PUBLIC COMPANY LIMITED,Property & Construction,A
SCGP.BK,0.2203069234692888,Neutral,SCGP,SCG PACKAGING PUBLIC COMPANY LIMITED,Industrials,AAA
SCI.BK,0.4966495687763061,Neutral,SCI,,,
SCL.BK,0.1964545380626186,Neutral,SCL,,,
SCM.BK,-0.2884478771288611,Exit Point,SCM,,,
SCN.BK,-0.0357494056930146,Neutral,SCN,,,
SCP.BK,0.3924406655444102,Neutral,SCP,,,
SDC.BK,0.3319893949784727,Neutral,SDC,,,
SE-ED.BK,0.3892002968685953,Neutral,SE-ED,,,
SE.BK,-0.2055329055087026,Exit Point,SE,,,
SEAFCO.BK,0.3072104753379922,Neutral,SEAFCO,,,
SEAOIL.BK,0.1076780538838608,Neutral,SEAOIL,,,
SECURE.BK,0.0041675876284686,Neutral,SECURE,,,
SEI.BK,0.0203469552012391,Neutral,SEI,,,
SELIC.BK,-1.147766396327905,Exit Point,SELIC,SELIC CORP PUBLIC COMPANY LIMITED,Industrials,A
SENA.BK,-0.9534538734734712,Exit Point,SENA,SENADEVELOPMENT PUBLIC COMPANY LIMITED,Property & Construction,BBB
SENX.BK,0.0608552344672215,Neutral,SENX,,,
SFLEX.BK,0.4557625210219568,Neutral,SFLEX,STARFLEX PUBLIC COMPANY LIMITED,Industrials,A
SFT.BK,0.3001637639543066,Neutral,SFT,,,
SGC.BK,-0.1284660101155208,Exit Point,SGC,SG CAPITAL PUBLIC COMPANY LIMITED,Financials,A
SGF.BK,0.1412688328280305,Neutral,SGF,,,
SGP.BK,0.2903879774976601,Neutral,SGP,SIAMGAS AND PETROCHEMICALS PUBLIC COMPANY LIMITED,Resources,AA
SHANG.BK,0.4297828437154075,Neutral,SHANG,,,
SHR.BK,-0.3305314259530674,Exit Point,SHR,S HOTELS AND RESORTS PUBLIC COMPANY LIMITED,Services,AA
SIAM.BK,-1.391534937156196,Exit Point,SIAM,,,
SICT.BK,-0.749104262425589,Exit Point,SICT,SILICON CRAFT TECHNOLOGY PUBLIC COMPANY LIMITED,Technology,A
SIMAT.BK,-0.2431008655880412,Exit Point,SIMAT,,,
SINGER.BK,-0.1065035589462205,Exit Point,SINGER,,,
SINO.BK,0.8682901250575237,Neutral,SINO,,,
SIRI.BK,-0.4410344206625255,Exit Point,SIRI,SANSIRI PUBLIC COMPANY LIMITED,Property & Construction,AAA
SIRIPRT.BK,0.4779130113162555,Neutral,SIRIPRT,,,
SIS.BK,-0.1556155691540699,Exit Point,SIS,,,
SISB.BK,-0.4550881307265503,Exit Point,SISB,,,
SITHAI.BK,-0.161899660710655,Exit Point,SITHAI,SRITHAI SUPERWARE  PUBLIC COMPANY LIMITED,Industrials,A
SJWD.BK,0.0707575091257905,Neutral,SJWD,SCGJWD LOGISTICS PUBLIC COMPANY LIMITED,Services,AAA
SK.BK,0.4755001378099277,Neutral,SK,,,
SKE.BK,0.1617416934318581,Neutral,SKE,,,
SKN.BK,0.6927194290453604,Neutral,SKN,,,
SKR.BK,-1.4536484812506905,Exit Point,SKR,SIKARIN PUBLIC COMPANY LIMITED,Services,BBB
SKY.BK,-0.6534007856881879,Exit Point,SKY,,,
SLP.BK,0.3049976914692278,Neutral,SLP,,,
SM.BK,-0.1890791253534884,Exit Point,SM,,,
SMART.BK,0.1221239154323751,Neutral,SMART,,,
SMD100.BK,-0.4602742818561363,Exit Point,SMD100,,,
SMIT.BK,0.1790463388775354,Neutral,SMIT,,,
SMPC.BK,-0.2408909221850457,Exit Point,SMPC,SAHAMITR PRESSURE CONTAINER PUBLIC COMPANY LIMITED,Industrials,AA
SMT.BK,0.0201580464626633,Neutral,SMT,,,
SNC.BK,0.5997886632053999,Neutral,SNC,SNC FORMER PUBLIC COMPANY LIMITED,Industrials,A
SNNP.BK,-0.2471738862835894,Exit Point,SNNP,SRINANAPORN MARKETING PUBLIC COMPANY LIMITED,Agro & Food Industry,A
SNP.BK,-0.1455713238581791,Exit Point,SNP,S & P SYNDICATE PUBLIC COMPANY LIMITED,Agro & Food Industry,AA
SNPS.BK,0.5890756500885322,Neutral,SNPS,,,
SO.BK,0.0492592337658261,Neutral,SO,SIAMRAJATHANEE PUBLIC COMPANY LIMITED,Services,BBB
SOLAR.BK,-0.2579136662683881,Exit Point,SOLAR,,,
SONIC.BK,-0.0103444450020802,Neutral,SONIC,,,
SORKON.BK,0.3531735626206907,Neutral,SORKON,,,
SPA.BK,-0.6703210673709831,Exit Point,SPA,,,
SPACK.BK,-0.1428324732839265,Exit Point,SPACK,,,
SPALI.BK,-0.2329347085694958,Exit Point,SPALI,SUPALAI PUBLIC COMPANY LIMITED,Property & Construction,A
SPC.BK,0.5041349713988205,Neutral,SPC,,,
SPCG.BK,0.3125825974502435,Neutral,SPCG,,,
SPG.BK,0.8945693253711244,Neutral,SPG,,,
SPI.BK,0.5618425092431938,Neutral,SPI,SAHA PATHANA INTER-HOLDING PUBLIC COMPANY LIMITED,Services,A
SPRC.BK,0.1989182400597789,Neutral,SPRC,,,
SPREME.BK,-0.1033954613333446,Exit Point,SPREME,,,
SPRIME.BK,-0.2283833933813467,Exit Point,SPRIME,,,
SPVI.BK,-0.2050473302466129,Exit Point,SPVI,,,
SQ.BK,0.3173837835738465,Neutral,SQ,,,
SR.BK,0.1731151068024151,Neutral,SR,,,
SRICHA.BK,0.2433893576208897,Neutral,SRICHA,,,
SRIPANWA.BK,0.158128332027492,Neutral,SRIPANWA,,,
SRS.BK,-0.2401219682854847,Exit Point,SRS,,,
SSF.BK,0.0007407377467419,Neutral,SSF,,,
SSP.BK,-0.4935036465862433,Exit Point,SSP,SERMSANG POWER CORPORATION PUBLIC COMPANY LIMITED,Resources,AA
SSPF.BK,0.2399646051000175,Neutral,SSPF,,,
SSSC.BK,0.381153755352452,Neutral,SSSC,SIAM STEEL SERVICE CENTER PUBLIC COMPANY LIMITED,Industrials,A
SST.BK,-0.200115821215213,Exit Point,SST,,,
SSTRT.BK,-0.4310862669850845,Exit Point,SSTRT,,,
STA.BK,-0.231892394613143,Exit Point,STA,SRI TRANG AGRO-INDUSTRY PUBLIC COMPANY LIMITED,Agro & Food Industry,AAA
STANLY.BK,-0.0704234150616062,Neutral,STANLY,,,
STC.BK,0.0906689356850684,Neutral,STC,,,
STECH.BK,0.3776251056985046,Neutral,STECH,,,
STECON.BK,0.4568592184736657,Neutral,STECON,STECON GROUP PUBLIC COMPANY LIMITED,Property & Construction,AA
STELLA.BK,0.3100136783267636,Neutral,STELLA,,,
STGT.BK,-0.4751443115482239,Exit Point,STGT,SRI TRANG GLOVES (THAILAND) PUBLIC COMPANY LIMITED,Consumer Products,AAA
STI.BK,-0.9195458311900908,Exit Point,STI,,,
STOWER.BK,-0.0090174642697674,Neutral,STOWER,,,
STP.BK,-0.1381212376102965,Exit Point,STP,,,
STPI.BK,0.250097704810903,Neutral,STPI,,,
STX.BK,0.3034255796619516,Neutral,STX,,,
SUC.BK,-0.0281010531581156,Neutral,SUC,,,
SUN.BK,-0.2305092312960688,Exit Point,SUN,SUNSWEET PUBLIC COMPANY LIMITED,Agro & Food Industry,BBB
SUPER.BK,0.1747770745984292,Neutral,SUPER,,,
SUPEREIF.BK,-2.308045752046681,Dump,SUPEREIF,,,
SUSCO.BK,0.1974773627232288,Neutral,SUSCO,,,
SUTHA.BK,0.295147808930839,Neutral,SUTHA,GOLDEN LIME PUBLIC COMPANY LIMITED,Industrials,AA
SVI.BK,0.3518972970351277,Neutral,SVI,,,
SVOA.BK,0.4681105479464155,Neutral,SVOA,SVOA PUBLIC COMPANY LIMITED,Technology,AA
SVR.BK,0.21015577814568,Neutral,SVR,,,
SVT.BK,-0.089182275319116,Neutral,SVT,,,
SWC.BK,0.5903471871720921,Neutral,SWC,,,
SYMC.BK,-0.5110249814049419,Exit Point,SYMC,SYMPHONY COMMUNICATION,Technology,BBB
SYNEX.BK,0.0664452428327056,Neutral,SYNEX,SYNNEX (THAILAND) PUBLIC COMPANY LIMITED,Technology,AA
SYNTEC.BK,0.4274666917776167,Neutral,SYNTEC,,,
TACC.BK,0.2438533736247575,Neutral,TACC,,,
TAE.BK,0.0081239051911698,Neutral,TAE,,,
TAKUNI.BK,0.3488906108616957,Neutral,TAKUNI,,,
TAN.BK,-0.2566480627218049,Exit Point,TAN,,,
TAPAC.BK,0.0226114715640208,Neutral,TAPAC,,,
TASCO.BK,-0.247036912339475,Exit Point,TASCO,TIPCO ASPHALT PUBLIC COMPANY LIMITED,Property & Construction,AA
TATG.BK,0.0527015164770966,Neutral,TATG,,,
TBN.BK,-0.0492498958410432,Neutral,TBN,,,
TC.BK,-0.1832467771614969,Exit Point,TC,,,
TCAP.BK,0.0883958000686074,Neutral,TCAP,THANACHART CAPITAL PUBLIC COMPANY LIMITED,Financials,AA
TCC.BK,0.2064060555782585,Neutral,TCC,,,
TCJ.BK,0.1275579391491485,Neutral,TCJ,,,
TCMC.BK,-0.0666686170431322,Neutral,TCMC,,,
TCOAT.BK,0.280514631267992,Neutral,TCOAT,,,
TEAM.BK,0.3380946054805475,Neutral,TEAM,,,
TEAMG.BK,0.3915446458443799,Neutral,TEAMG,,,
TEGH.BK,-0.1913700436146539,Exit Point,TEGH,THAI EASTERN GROUP HOLDINGS PUBLIC COMPANY LIMITED,Agro & Food Industry,AAA
TEKA.BK,-0.4059448831319668,Exit Point,TEKA,,,
TERA.BK,0.2034071615385811,Neutral,TERA,,,
TFFIF.BK,0.0581606271454701,Neutral,TFFIF,,,
TFG.BK,1.0380527247231748,Weight Increase,TFG,THAIFOODS GROUP PUBLIC COMPANY LIMITED,Agro & Food Industry,AA
TFI.BK,0.3518186285564209,Neutral,TFI,,,
TFM.BK,0.6965367844575934,Neutral,TFM,,,
TFMAMA.BK,-0.0483279928416274,Neutral,TFMAMA,THAI PRESIDENT FOODS PUBLIC COMPANY LIMITED,Agro & Food Industry,AAA
TGE.BK,-0.7246097311740718,Exit Point,TGE,THACHANG GREEN ENERGY PUBLIC COMPANY LIMITED,Resources,A
TGH.BK,0.3431714319818483,Neutral,TGH,THAI GROUP HOLDINGS PUBLIC COMPANY LIMITED,Financials,AA
TGPRO.BK,0.3958575273743997,Neutral,TGPRO,,,
TH.BK,0.1224969466715453,Neutral,TH,,,
THAI.BK,0.0226114715640208,Neutral,THAI,,,
THANA.BK,-0.0953174053080201,Neutral,THANA,THANASIRI GROUP PUBLIC COMPANY LIMITED,Property & Construction,BBB
THANI.BK,0.3825387138136265,Neutral,THANI,RATCHTHANI LEASING PUBLIC COMPANY LIMITED,Financials,AA
THCOM.BK,-0.2006682172531388,Exit Point,THCOM,THAICOM PUBLIC COMPANY LIMITED,Technology,AAA
THE.BK,0.6263270999801035,Neutral,THE,,,
THG.BK,-0.2776027347713222,Exit Point,THG,,,
THIP.BK,-0.4291846663466486,Exit Point,THIP,THANTAWAN INDUSTRY PUBLIC COMPANY LIMITED,Industrials,A
THMUI.BK,-0.0516674407650072,Neutral,THMUI,,,
THRE.BK,-0.1423179776828171,Exit Point,THRE,,,
THREL.BK,0.0790550203269144,Neutral,THREL,THAIRE LIFE ASSURANCE PUBLIC COMPANY LIMITED,Financials,A
TIDLOR.BK,2.46840685424666,Neural Uptaking,TIDLOR,,,
TIF1.BK,-0.1958616594595803,Exit Point,TIF1,,,
TIGER.BK,0.2179244625131608,Neutral,TIGER,,,
TIPCO.BK,-0.4862301521035346,Exit Point,TIPCO,,,
TIPH.BK,0.1230204014604889,Neutral,TIPH,,,
TISCO.BK,0.1889393520472078,Neutral,TISCO,TISCO FINANCIAL GROUP PUBLIC COMPANY LIMITED,Financials,AAA
TITLE.BK,-0.0539265225385465,Neutral,TITLE,,,
TK.BK,-0.0327372935696652,Neutral,TK,,,
TKC.BK,0.4326637274385243,Neutral,TKC,,,
TKN.BK,-0.0838743729134823,Neutral,TKN,,,
TKS.BK,-0.2711353273487716,Exit Point,TKS,T.K.S. TECHNOLOGIES PUBLIC COMPANY LIMITED,Services,A
TKT.BK,0.0200963298408888,Neutral,TKT,,,
TLHPF.BK,1.0517037406691752,Weight Increase,TLHPF,,,
TLI.BK,0.3742862739281555,Neutral,TLI,THAI LIFE INSURANCE PUBLIC COMPANY LIMITED,Financials,A
TM.BK,0.185696757262259,Neutral,TM,,,
TMAN.BK,-0.1343521726167733,Exit Point,TMAN,,,
TMC.BK,-0.2050989375298373,Exit Point,TMC,,,
TMD.BK,0.3214025670113988,Neutral,TMD,,,
TMI.BK,-0.5478107590139359,Exit Point,TMI,,,
TMILL.BK,-0.387145276099735,Exit Point,TMILL,,,
TMT.BK,0.3454193544277105,Neutral,TMT,TMT STEEL PUBLIC COMPANY LIMITED,Industrials,AAA
TMW.BK,-0.1379431604403352,Exit Point,TMW,,,
TNDT.BK,0.1927813506154314,Neutral,TNDT,,,
TNH.BK,-0.2572630439977726,Exit Point,TNH,,,
TNITY.BK,-0.2476825794099183,Exit Point,TNITY,,,
TNL.BK,-0.3341875090752775,Exit Point,TNL,,,
TNP.BK,-0.5607419349158852,Exit Point,TNP,,,
TNPC.BK,0.3093219855244069,Neutral,TNPC,,,
TNPF.BK,-0.2565818357088923,Exit Point,TNPF,,,
TNR.BK,-0.2026901428831745,Exit Point,TNR,,,
TOA.BK,-0.2436424143231121,Exit Point,TOA,TOA PAINT (THAILAND) PUBLIC COMPANY LIMITED,Property & Construction,A
TOG.BK,-1.1180304143316893,Exit Point,TOG,THAI OPTICAL GROUP PUBLIC COMPANY LIMITED,Consumer Products,A
TOP.BK,0.5146775550413254,Neutral,TOP,THAI OIL PUBLIC COMPANY LIMITED,Resources,AAA
TOPP.BK,0.0564467271916054,Neutral,TOPP,,,
TPA.BK,0.2983539807138637,Neutral,TPA,,,
TPAC.BK,-0.1917490716985991,Exit Point,TPAC,THAI PLASPAC,Industrials,AA
TPBI.BK,-1.2054377006551644,Exit Point,TPBI,TPBI PUBLIC COMPANY LIMITED,Industrials,AAA
TPCH.BK,-0.6006674346772656,Exit Point,TPCH,,,
TPCS.BK,0.4528744230528241,Neutral,TPCS,TPCS PUBLIC COMPANY LIMITED,Industrials,A
TPIPL.BK,0.2136131315337124,Neutral,TPIPL,TPI POLENE PUBLIC COMPANY LIMITED,Property & Construction,AA
TPIPP.BK,-0.6660848178723635,Exit Point,TPIPP,TPI POLENE POWER PUBLIC COMPANY LIMITED,Resources,AAA
TPL.BK,0.4749386677065225,Neutral,TPL,,,
TPLAS.BK,-0.0312695362443209,Neutral,TPLAS,,,
TPOLY.BK,-0.1886679261580723,Exit Point,TPOLY,,,
TPP.BK,0.1742062043259534,Neutral,TPP,,,
TPRIME.BK,-0.0857128122675738,Neutral,TPRIME,,,
TPS.BK,0.7824661341314939,Neutral,TPS,,,
TQM.BK,-0.4544542393532465,Exit Point,TQM,TQM ALPHA PUBLIC COMPANY LIMITED,Financials,A
TQR.BK,0.1213119893243623,Neutral,TQR,,,
TR.BK,-0.1150978587682124,Exit Point,TR,,,
TRC.BK,0.074734913375295,Neutral,TRC,,,
TRITN.BK,0.0663514674534141,Neutral,TRITN,,,
TRP.BK,-0.9548899603284792,Exit Point,TRP,,,
TRT.BK,-0.1550828567290063,Exit Point,TRT,,,
TRU.BK,0.0476502051370773,Neutral,TRU,,,
TRUBB.BK,-0.3413893060294245,Exit Point,TRUBB,THAI RUBBER LATEX GROUP PUBLIC COMPANY LIMITED,Agro & Food Industry,AA
TRUE.BK,0.7136886668318618,Neutral,TRUE,,,
TRV.BK,-0.2266827113807544,Exit Point,TRV,,,
TSC.BK,-0.4624066611624609,Exit Point,TSC,THAI STEEL CABLE PUBLIC COMPANY LIMITED,Industrials,A
TSE.BK,-0.4894164932568516,Exit Point,TSE,,,
TSI.BK,0.2248705593760143,Neutral,TSI,,,
TSR.BK,-0.3063101565374543,Exit Point,TSR,,,
TSTE.BK,0.6020513739028628,Neutral,TSTE,,,
TSTH.BK,0.6354383353293656,Neutral,TSTH,TATA STEEL (THAILAND) PUBLIC COMPANY LIMITED,Industrials,A
TTA.BK,0.0068251354030026,Neutral,TTA,THORESEN THAI AGENCIES PUBLIC COMPANY LIMITED,Services,AA
TTB.BK,0.5631062230374005,Neutral,TTB,TMBTHANACHART BANK PUBLIC COMPANY LIMITED,Financials,AAA
TTCL.BK,-0.5922754153629449,Exit Point,TTCL,TTCL PUBLIC COMPANY LIMITED,Property & Construction,A
TTI.BK,0.3171293597180984,Neutral,TTI,,,
TTLPF.BK,-1.011922416530692,Exit Point,TTLPF,,,
TTT.BK,0.1569568411378248,Neutral,TTT,,,
TTW.BK,0.197450213719649,Neutral,TTW,TTW PUBLIC COMPANY LIMITED,Resources,AA
TU-PF.BK,0.7047147730580828,Neutral,TU-PF,,,
TU.BK,-0.1337853310333048,Exit Point,TU,THAI UNION GROUP PUBLIC COMPANY LIMITED,Agro & Food Industry,A
TURTLE.BK,0.6560126129094532,Neutral,TURTLE,,,
TVDH.BK,-0.3586023133887197,Exit Point,TVDH,,,
TVH.BK,0.2033967890948535,Neutral,TVH,,,
TVO.BK,0.2665920045934316,Neutral,TVO,THAI VEGETABLE OIL PUBLIC COMPANY LIMITED,Agro & Food Industry,AAA
TVT.BK,0.2035987024138852,Neutral,TVT,,,
TWP.BK,-0.241083904070521,Exit Point,TWP,,,
TWPC.BK,-0.0908955996001937,Neutral,TWPC,THAI WAH PUBLIC COMPANY LIMITED,Agro & Food Industry,A
TWZ.BK,-0.194840720520943,Exit Point,TWZ,,,
TYCN.BK,0.2463110036241461,Neutral,TYCN,,,
UAC.BK,0.1468464887680909,Neutral,UAC,UAC GLOBAL PUBLIC COMPANY LIMITED,Industrials,A
UBA.BK,0.5086129953080294,Neutral,UBA,,,
UBE.BK,-0.0399959897546188,Neutral,UBE,UBON BIO ETHANOL PUBLIC COMPANY LIMITED,Resources,A
UBIS.BK,-0.043354844010815,Neutral,UBIS,,,
UEC.BK,-0.3669680233297038,Exit Point,UEC,,,
UKEM.BK,0.4714806831896449,Neutral,UKEM,,,
UMI.BK,0.3983308741417861,Neutral,UMI,,,
UMS.BK,0.0966478781076264,Neutral,UMS,,,
UNIQ.BK,-0.4431343789334626,Exit Point,UNIQ,,,
UOBKH.BK,0.3641084305433047,Neutral,UOBKH,,,
UP.BK,0.5114113213811154,Neutral,UP,,,
UPF.BK,-0.0262301710878199,Neutral,UPF,UNION PIONEER PUBLIC COMPANY LIMITED,Consumer Products,BBB
UPOIC.BK,0.4329294418348568,Neutral,UPOIC,UNITED PALM OIL INDUSTRY PUBLIC COMPANY LIMITED,Agro & Food Industry,BBB
UREKA.BK,0.0082263847480523,Neutral,UREKA,,,
UTP.BK,0.4142631166500043,Neutral,UTP,,,
UV.BK,-1.184211871323615,Exit Point,UV,,,
UVAN.BK,0.3802908923044266,Neutral,UVAN,,,
VARO.BK,0.6167052373872307,Neutral,VARO,,,
VCOM.BK,0.6680356156757579,Neutral,VCOM,,,
VGI.BK,-0.2411816296517666,Exit Point,VGI,VGI PUBLIC COMPANY LIMITED,Services,AA
VIBHA.BK,-1.6000049082935055,Exit Point,VIBHA,VIBHAVADI MEDICAL CENTER PUBLIC COMPANY LIMITED,Services,BBB
VIH.BK,-0.0564545699898167,Neutral,VIH,SRIVICHAIVEJVIVAT PUBLIC COMPANY LIMITED,Services,A
VL.BK,-0.7584195240612217,Exit Point,VL,,,
VNG.BK,-1.0318819804649766,Exit Point,VNG,,,
VPO.BK,0.0881018555182097,Neutral,VPO,,,
VRANDA.BK,-0.4223142980541025,Exit Point,VRANDA,,,
VS.BK,0.5294828568095629,Neutral,VS,,,
WACOAL.BK,0.2766521053567342,Neutral,WACOAL,THAI WACOAL PUBLIC COMPANY LIMITED,Consumer Products,A
WARRIX.BK,-0.1957864607337815,Exit Point,WARRIX,,,
WAVE.BK,-0.7996823927862547,Exit Point,WAVE,,,
WELL.BK,0.0226114715640208,Neutral,WELL,,,
WFX.BK,-0.1315273781008824,Exit Point,WFX,,,
WGE.BK,0.3206592584646147,Neutral,WGE,,,
WHA.BK,-0.1640342208127609,Exit Point,WHA,WHA CORPORATION PUBLIC COMPANY LIMITED,Property & Construction,AAA
WHABT.BK,0.2261889295206058,Neutral,WHABT,,,
WHAIR.BK,-0.1409249520742272,Exit Point,WHAIR,,,
WHART.BK,0.1927292463806381,Neutral,WHART,,,
WHAUP.BK,-0.2522740995353814,Exit Point,WHAUP,WHA UTILITIES AND POWER PUBLIC COMPANY LIMITED,Resources,AAA
WICE.BK,0.2107164057315479,Neutral,WICE,WICE LOGISTICS PUBLIC COMPANY LIMITED,Services,AA
WIIK.BK,0.1246489924246702,Neutral,WIIK,,,
WIN.BK,0.4350024232736436,Neutral,WIN,,,
WINDOW.BK,0.7613785292348639,Neutral,WINDOW,,,
WINMED.BK,-0.1360944775579222,Exit Point,WINMED,,,
WINNER.BK,0.174531721957635,Neutral,WINNER,,,
WORK.BK,-0.6221416013515636,Exit Point,WORK,,,
WP.BK,0.2004870423638723,Neutral,WP,,,
WPH.BK,0.3576771743413295,Neutral,WPH,,,
XBIO.BK,-0.8575804785956328,Exit Point,XBIO,,,
XO.BK,0.0881536050943065,Neutral,XO,EXOTIC FOOD PUBLIC COMPANY LIMITED,Agro & Food Industry,A
XPG.BK,0.0480376451338543,Neutral,XPG,,,
YGG.BK,-0.1093095267284115,Exit Point,YGG,,,
YONG.BK,-0.5774923206925152,Exit Point,YONG,,,
YUASA.BK,0.8513481306931722,Neutral,YUASA,,,
ZAA.BK,-0.028162220792243,Neutral,ZAA,,,
ZEN.BK,-0.6158839966487112,Exit Point,ZEN,ZEN CORPORATION GROUP PUBLIC COMPANY LIMITED,Agro & Food Industry,AA
ZIGA.BK,-0.1022240615142922,Exit Point,ZIGA,,,
^SET.BK,-0.6343240666224024,Exit Point,^SET,,,
